texto,vader_pt,vader_en_label,bertimbau
"A proposta continua sendo analisada na C√¢mara dos Deputados

üîî l Leia a mat√©ria completa em https://t.co/ul7IHa54Qo e siga @iMaranhense em todas as plataformas digitais.

üîé hashtags:
#imaranhense #noticias #news #saoluis #maranhao #slz #politica #ur‚Ä¶ https://t.co/L8eNgoTL2t https://t.co/Nt0I812xcA",Positivo (0.46),positivo (0.46),Positivo (0.75)
Deputados pedem redu√ß√£o do ICMS ap√≥s an√∫ncio de corte no IPVA no Paran√° #Economia #Geral #Paran√° #Pol√≠tica #√öltimasNot√≠cias https://t.co/oJ8icRKZNt,Negativo (-0.08),negativo (-0.13),Negativo (0.00)
"[#Politica] A Pol√≠cia Federal solicitou ao ministro Moraes autoriza√ß√£o para manter vigil√¢ncia policial na casa de Bolsonaro, visando garantir a pris√£o domiciliar e evitar fuga antes de seu julgamento. O jornalista Thiago Pereira comenta o caso.

 Acesse: https://t.co/Ib3eyV8eq0 https://t.co/pzK0yMjRch",Neutro (0.00),negativo (-0.13),Negativo (0.00)
"Propostas seguem para an√°lise do Senado

üîî l Leia a mat√©ria completa em https://t.co/ul7IHa54Qo e siga @iMaranhense em todas as plataformas digitais.

üîé hashtags:
#imaranhense #noticias #news #saoluis #maranhao #slz #politica #urgente #nordeste

¬©‚Ä¶ https://t.co/03z0zQdJ5g https://t.co/EcHqUVCC7I",Positivo (0.46),positivo (0.59),Positivo (0.75)
"Publica√ß√£o afirmou erroneamente que promotores investigavam secret√°rio de Taku Ikeshita, quando na verdade a busca ocorreu no gabinete de outro pol√≠tico

https://t.co/H70NoFkMZG

#Checagem #Desculpas #Fraude #Jap√£o #Osaka #Pedido #Reportagem #Responsabilidade #Politica",Negativo (-0.30),neutro (0.00),Negativo (0.00)
"Os rumos do PT em Goi√°s

üì≤ Leia agora em O Popular: https://t.co/IzvssnetSg

#LeiaAgora #OPopular #Pol√≠tica #Giro360 https://t.co/scnEy6Q1aM",Positivo (0.42),positivo (0.42),Negativo (0.00)
"‚ÄºÔ∏è PT debocha de sa√∫de de Bolsonaro: ""Uma doen√ßa bem seletiva""
#pol√≠tica #sa√∫de #bolsonaro #pt

https://t.co/SVZFK1pw2j",Neutro (0.00),negativo (-0.40),Negativo (0.00)
"RT @VerdadeBrasilB: ""O Brasil est√° dando uma li√ß√£o aos Estados Unidos e a outros pa√≠ses que hoje se encontram submetidos a l√≠deres autocr√°t‚Ä¶",Neutro (0.00),positivo (0.64),Negativo (0.00)
"Uni√£o Brasil e PP lan√ßam o ministro do Turismo, Celso Sabino, como candidato ao Senado. Ele comandar√° a Federa√ß√£o no Par√°. Partidos acreditam em sua vit√≥ria e buscam ampliar maioria no Senado.
#Pol√≠tica #CelsoSabino #Senado https://t.co/CJMatzZhJb",Negativo (-0.53),positivo (0.61),Neutro (0.50)
"""O Brasil est√° dando uma li√ß√£o aos Estados Unidos e a outros pa√≠ses que hoje se encontram submetidos a l√≠deres autocr√°ticos.""
@UOL @UOLNoticias @UOLPolitica
#Pol√≠tica #Brasil #Elei√ß√µes2025 #Lula #Bolsonaro #Governo #Viral #Trending #FalaS√©rio https://t.co/JaPgMRHCfk",Neutro (0.00),positivo (0.64),Negativo (0.00)
"#Pol√≠tica: ‚ÄúUma perversidade‚Äù; ACM Neto aponta descaso no Hospital Regional de Juazeiro.

https://t.co/OqywzNP6gJ",Negativo (-0.30),negativo (-0.46),Negativo (0.00)
"RT @Oinegue: #Opini√£o | üó£ analisando o novo Lula ‚Äúvitaminado‚Äù. O presidente, antes visto como enfraquecido e sem f√¥lego para 2026, ganhou d‚Ä¶",Neutro (0.00),positivo (0.34),Negativo (0.00)
"RT @BloombergLineaB: Lula v√™ aprova√ß√£o cair e fica atr√°s de Tarc√≠sio em pesquisa para 2026, aponta Atlas. Saiba mais: https://t.co/W94tpirH‚Ä¶",Neutro (0.00),positivo (0.48),Negativo (0.00)
"#Pol√≠tica | TRE-CE define data para julgar recurso contra decis√£o que cassou mandato de Bebeto do Chor√≥
https://t.co/asnODtSHkN",Neutro (0.00),negativo (-0.42),Negativo (0.00)
"#Pol√≠tica | Oscar e Moses Rodrigues se alinham √† reelei√ß√£o do governador Elmano
https://t.co/NQtSqEntXs",Neutro (0.00),neutro (0.00),Positivo (0.75)
"Senador Beto Faro (PA) critica a Costa Cruzeiros: transatl√¢nticos contratados para a COP 30 em Bel√©m barram reservas de cidad√£os de 20 pa√≠ses sob san√ß√µes dos EUA. Para ele, a medida fere a soberania do Brasil e agrava a crise de hospedagem.
#COP30 #Amaz√¥nia #Pol√≠tica https://t.co/YLVjvY5LDP",Negativo (-0.25),negativo (-0.90),Negativo (0.00)
"#Pol√≠tica: Lula assina recondu√ß√£o de Paulo Gonet √† PGR √†s v√©speras de julgamento sobre tentativa de golpe.

https://t.co/T1fa4PgyS0",Neutro (0.00),neutro (0.00),Negativo (0.00)
"C√¢mara aprova urg√™ncia do PL 1087/25: isen√ß√£o de IR para quem ganha at√© R$ 5 mil/m√™s pode beneficiar 26,1 milh√µes de pessoas. PL e PP resistem √† proposta por prever taxa√ß√£o dos super-ricos (acima de R$ 50 mil/m√™s).
#ImpostoDeRenda #Pol√≠tica https://t.co/ueHXbOUs7T",Neutro (0.00),positivo (0.92),Negativo (0.00)
"üëâ STF ter√° refor√ßo na seguran√ßa durante julgamento de Jair Bolsonaro; saiba mais
#pol√≠tica #STF #bolsonaro #julgamento

https://t.co/7GQGPrjalJ",Neutro (0.00),positivo (0.42),Neutro (0.50)
"Para ler a not√≠cia completa, acesse o nosso portal de not√≠cias Blockchain:
https://t.co/nzdoToiNiy
#bitcoin #blockchain #btc #criptomoedas #economia #tarifa√ßo #trump #pol√≠tica #donaltrump https://t.co/boUyqwqwdI",Neutro (0.00),neutro (0.00),Negativo (0.00)
"#psd #ps #pedronunosantos #luismontenegro¬†
#chega #andreventura #Corrup√ß√£o #Portugal
#Pol√≠tica #Democracia¬†
Portugal Melhor Agora!
A Voz Contra a Corrup√ß√£o na Pol√≠tica Atual!
Corrup√ß√£o: Um Obst√°culo ao Progresso!
Saiba Mais Aqui E Agora!üëáüëáüëá
üëâ https://t.co/hHF5QAD7CZ üëà https://t.co/WRGpwoQVfZ",Neutro (0.00),positivo (0.66),Negativo (0.00)
AMIGO DO LULA VAI RODAR! #direita #politica #shorts https://t.co/7Z1OSYOIhp via @YouTube,Neutro (0.00),positivo (0.54),Negativo (0.00)
"Projeto de lei do vereador Lucas Verg√≠lio (MDB) que derrubou a taxa do lixo recebeu 20 votos favor√°veis e 13 votos contr√°rios

üì≤ Leia agora em O Popular: https://t.co/HbW8EDbVu0

#LeiaAgora #OPopular #pol√≠tica #PrefeitoSandroMabel #C√¢maradeGoi√¢nia #CEI #LimpaGyn",Positivo (0.42),positivo (0.71),Negativo (0.00)
hum... t√° explicado. #Lula #FariaLima #Pol√≠tica #Economia https://t.co/8CuYn6aIUd,Neutro (0.00),neutro (0.00),Negativo (0.25)
".@BrunoMNunes desfaz mitos sobre a pol√≠tica do #Chega, refor√ßando a import√¢ncia da exist√™ncia de ""bom senso"" e responsabilidade. Esclarece ainda quanto √† candidatura de Tinoco de Faria e reafirma compromisso com CM Loures. Mais em @zugapodcast | #pol√≠tica https://t.co/11s7npQFy9",Neutro (0.00),positivo (0.72),Neutro (0.50)
"EUA FAZ PRONUNCIAMENTO CONTRA MORAES, URGENTE #politica #bolsonaro #lula... https://t.co/Tojk5GXMMA via @YouTube",Neutro (0.00),positivo (0.20),Negativo (0.00)
"No podcast do Di√°rio do Poder, o deputado Chico Vigilante critica Donald Trump e relembra o fato de que ele n√£o nomeou um embaixador no Brasil, prejudicando a rela√ß√£o diplom√°tica entre os pa√≠ses.
#curiosidades #politica #brasil #brasilia #like #live #foryouu https://t.co/3DWCbXLp3G",Negativo (-0.23),neutro (0.03),Neutro (0.50)
"EUA e Europa, Acordo de Energia - 28 Ago 25¬†-¬†¬†#Basic #EUA #Europa #Geopol√≠tica #Geral #Pol√≠tica #Tarifas #Trump¬†-¬†https://t.co/ooubyyBoYJ https://t.co/uvzpaUnXbn",Neutro (0.00),positivo (0.27),Negativo (0.00)
"Os membros da realeza n√£o podem votar ou se candidatar em elei√ß√µes no Reino Unido. ‚öñÔ∏èüö´
#Fam√≠liaReal #Pol√≠tica #Curiosidades https://t.co/92FjXF26U5",Negativo (-0.30),neutro (0.00),Negativo (0.00)
"üëÄ DIRETO DE BRAS√çLIA: Na CPMI do INSS, defensora diz que DPU j√° denunciava descontos ilegais antes de opera√ß√£o da PF
#pol√≠tica #inss #cpmidoinss

https://t.co/0qNtyeWfgG",Neutro (0.00),negativo (-0.49),Negativo (0.00)
"‚û°Ô∏è Jair Bolsonaro se emociona em reuni√£o com aliado; saiba teor da conversa
#pol√≠tica #bolsonaro #coronelRicardoMelloAra√∫jo

https://t.co/FvoEilRxnK",Neutro (0.00),positivo (0.44),Positivo (0.75)
"Instituto aponta crescimento de 0,39% em um ano

üîî l Leia a mat√©ria completa em https://t.co/ul7IHa54Qo e siga @iMaranhense em todas as plataformas digitais.

üîé hashtags:
#imaranhense #noticias #news #saoluis #maranhao #slz #politica #urgente #norde‚Ä¶ https://t.co/TwTYI1dEwX https://t.co/KXr18dd2CI",Positivo (0.46),positivo (0.75),Negativo (0.00)
"@CNNEconomia O #Taxxad sempre me lembra aquela m√∫sica do Zez√© di Camargo &amp; Luciano:

‚ô™Meeeeeentes t√£o beeeeeemmmm....‚ô™

#Taxad 
#haddad 
#Lula 
#foralulaforamoraes 
#ForaPT 
#Economia 
#Politica 
#Brasil  
#Governo 
#imposto 
#taxa https://t.co/3jl1TBDi7l",Neutro (0.00),neutro (0.00),Negativo (0.00)
"GDF e CBF firmam acordo para levar campanha contra o racismo a todo o pa√≠s https://t.co/tf4y6BOKAI

#opiniaobrasilia #tenentepoliglota #poliglota #tenpoliglota #distritofederal #brasil #gdf #df #noticias #politica #economia #esportes #cidades #sa√∫de #educa√ß√£o #ultimasnoticias #‚Ä¶",Neutro (0.00),negativo (-0.23),Negativo (0.00)
"Apenas Guarulhos e Campinas n√£o s√£o capitais

üîî l Leia a mat√©ria completa em https://t.co/ul7IHa54Qo e siga @iMaranhense em todas as plataformas digitais.

üîé hashtags:
#imaranhense #noticias #news #saoluis #maranhao #slz #politica #urgente #nordeste‚Ä¶ https://t.co/kno8GI255U https://t.co/uiaosNCOD8",Positivo (0.46),negativo (-0.17),Negativo (0.00)
"RT @psd_parlamento: üî•‚ú®üèõÔ∏èü§ù N√≥s fizemos o que nos competia e ao Governo compete agir com Respeito.

#portugal #politica #parlamento #psd #gpp‚Ä¶",Neutro (-0.03),positivo (0.65),Positivo (1.00)
"üö® ‚ÄúEstou sendo enterrado vivo‚Äù - emocionado, Jair Bolsonaro chorou ao receber a visita do vice-prefeito de S√£o Paulo, coronel Ricardo Mello Ara√∫jo (PL). 

Mat√©ria completa no portal https://t.co/LZdz5qqo5Y

#Bolsonaro #Pol√≠tica #Pris√£o #Brasil #Justi√ßa #ExPresidente #Choro https://t.co/OJtv1XKwDl",Negativo (-0.30),positivo (0.10),Negativo (0.00)
"üö® Crise pol√≠tica em Parnamirim! Ap√≥s a cassa√ß√£o de Diego Am√©rico, o presidente da C√¢mara, Dr. C√©sar Maia, tamb√©m pode perder o mandato.

Mat√©ria completa no portal https://t.co/LZdz5qqo5Y

#Parnamirim #Pol√≠tica #Justi√ßa #Elei√ß√µes #C√¢mara #Cassa√ß√£o #Vereador #Fraude #Mandato #RN https://t.co/SJPsdScKIH",Negativo (-0.36),negativo (-0.57),Negativo (0.00)
"üëç Levi Vasconcelos avalia positivamente encontro entre Jer√¥nimo e Bruno Reis
#pol√≠tica #brunoreis #jer√¥nimorodrigues

https://t.co/7DTWWhhiBC",Neutro (0.00),positivo (0.53),Positivo (0.75)
"‚ÄúValoriza√ß√£o e uni√£o‚Äù: Festival Folcl√≥rico de Luzi√¢nia celebra cultura de Goi√°s e re√∫ne mais de 160 artistas https://t.co/Ol5NPUFTu9

#opiniaobrasilia #tenentepoliglota #poliglota #tenpoliglota #distritofederal #brasil #gdf #df #noticias #politica #economia #esportes #cidades #‚Ä¶",Positivo (0.49),positivo (0.78),Positivo (1.00)
"Comandante recorre a voos comerciais por falta de recursos FAB https://t.co/JTEH56XjzJ

#opiniaobrasilia #tenentepoliglota #poliglota #tenpoliglota #distritofederal #brasil #gdf #df #noticias #politica #economia #esportes #cidades #sa√∫de #educa√ß√£o #ultimasnoticias #cldf #govern‚Ä¶",Positivo (0.58),positivo (0.35),Negativo (0.00)
"Justi√ßa da It√°lia mant√©m pris√£o de Carla Zambelli https://t.co/U8sWZonaml

#opiniaobrasilia #tenentepoliglota #poliglota #tenpoliglota #distritofederal #brasil #gdf #df #noticias #politica #economia #esportes #cidades #sa√∫de #educa√ß√£o #ultimasnoticias #cldf #governo #policia #p‚Ä¶",Neutro (0.00),positivo (0.25),Negativo (0.00)
"üî•‚ú®üèõÔ∏èü§ù N√≥s fizemos o que nos competia e ao Governo compete agir com Respeito.

#portugal #politica #parlamento #psd #gppsd #XVIILegislatura #incendios #fogos #PortugalChama https://t.co/jj29stAPbe",Neutro (-0.03),positivo (0.65),Positivo (1.00)
"De esposa a sobrinhos: veja lista de parentes de pol√≠ticos nomeados em cargos na Prefeitura de Urucurituba

#OPoder #politica #urucurituba #mpam #interior #amazonas 

https://t.co/WE4xc24gFj",Neutro (0.00),neutro (0.00),Neutro (0.50)
"RT @rodaviva: Incentivo ao Brasil sair do BRICS?

No centro do #RodaViva, o governador de Minas Gerais, Romeu Zema, exp√µe os motivos que o‚Ä¶",Negativo (-0.30),positivo (0.20),Negativo (0.00)
"A Justi√ßa da It√°lia decidiu manter Carla Zambelli presa, destacando o ""grau m√°ximo"" de risco de fuga enquanto aguarda a extradi√ß√£o ao Brasil. Site : https://t.co/EBaoDH2qJk #Justi√ßa #Zambelli #Extradi√ß√£o #Pol√≠tica #Direito https://t.co/QdrgduqQGJ",Neutro (0.00),positivo (0.46),Negativo (0.00)
"ENTREVISTA EXCLUSIVA| üö®

Ronaldo Caiado, governador de Goi√°s, afirma que se Lula vencer, muitos ricos v√£o deixar o Brasil. ¬®N√£o √© o que queremos¬®.

#pol√≠tica #governador #Brasil #Lula https://t.co/EoQUBpvMTZ",Neutro (0.00),positivo (0.82),Negativo (0.00)
"üìÜ Lan√ßamento do G√°s do Povo ser√° em 4 de setembro, em Minas Gerais

An√∫ncio acontece em Belo Horizonte a pedido do ministro Alexandre Silveira

üëâ Leia mais: https://t.co/4IMpKHAALs

#Gasnatural #Politica #MME #AntonioAnastasia #BH #GasDoPovo #GovernoLula #LuzDoPovo #TCU https://t.co/w1jiK3OQL8",Neutro (0.00),neutro (0.00),Negativo (0.00)
N√£o encontram provas contra Bolsonaro.. #politica #bolsonaro #noticias #... https://t.co/SlgNSbkfaH via @YouTube,Neutro (0.00),negativo (-0.30),Negativo (0.00)
"Comandante da FAB usa voos comerciais por falta de avi√µes militares desde julho. Enquanto isso, pol√≠ticos batem recordes de viagens na frota oficial. Detalhes no AeroJota üëâ https://t.co/2goOVoWMl1

#FAB #Avia√ß√£o #Defesa #Pol√≠tica #AeroJota https://t.co/AdORQUXjMU",Positivo (0.74),positivo (0.66),Neutro (0.50)
